{
  "colors" : [
    {
      "color" : {
        "color-space" : "srgb",
        "components" : {
          "alpha" : "0.850",
          "blue" : "0.071",
          "green" : "0.071",
          "red" : "0.071"
        }
      },
      "idiom" : "universal"
    },
    {
      "appearances" : [
        {
          "appearance" : "luminosity",
          "value" : "light"
        }
      ],
      "color" : {
        "color-space" : "srgb",
        "components" : {
          "alpha" : "0.850",
          "blue" : "0.071",
          "green" : "0.071",
          "red" : "0.071"
        }
      },
      "idiom" : "universal"
    },
    {
      "appearances" : [
        {
          "appearance" : "luminosity",
          "value" : "dark"
        }
      ],
      "color" : {
        "platform" : "osx",
        "reference" : "selectedControlTextColor"
      },
      "idiom" : "universal"
    }
  ],
  "info" : {
    "author" : "xcode",
    "version" : 1
  },
  "properties" : {
    "localizable" : true
  }
}
