{
  "images" : [
    {
      "idiom" : "universal",
      "scale" : "1x"
    },
    {
      "idiom" : "universal",
      "scale" : "2x"
    },
    {
      "idiom" : "universal",
      "scale" : "3x"
    },
    {
      "filename" : "home.png",
      "idiom" : "iphone",
      "scale" : "1x"
    },
    {
      "filename" : "home copy.png",
      "idiom" : "iphone",
      "scale" : "2x"
    },
    {
      "filename" : "home copy 2.png",
      "idiom" : "iphone",
      "scale" : "3x"
    }
  ],
  "info" : {
    "author" : "xcode",
    "version" : 1
  }
}
